dataset,fold,n_participants
Erev17app,1,12
Erev17app,2,12
Erev17app,3,12
Erev17app,4,12
Erev17app,5,12
Fiedler12_exp1,1,5
Fiedler12_exp1,2,4
Fiedler12_exp1,3,4
Fiedler12_exp1,4,4
Fiedler12_exp1,5,4
Fiedler12_exp2,1,8
Fiedler12_exp2,2,7
Fiedler12_exp2,3,7
Fiedler12_exp2,4,7
Fiedler12_exp2,5,7
Pachur17,1,25
Pachur17,2,24
Pachur17,3,24
Pachur17,4,24
Pachur17,5,25
Pachur18_e1_session1,1,18
Pachur18_e1_session1,2,18
Pachur18_e1_session1,3,18
Pachur18_e1_session1,4,18
Pachur18_e1_session1,5,18
Pachur18_e1_session2,1,18
Pachur18_e1_session2,2,18
Pachur18_e1_session2,3,18
Pachur18_e1_session2,4,18
Pachur18_e1_session2,5,18
Rieskamp_Positive,1,6
Rieskamp_Positive,2,6
Rieskamp_Positive,3,6
Rieskamp_Positive,4,6
Rieskamp_Positive,5,6
Stewart15_1A_negative_skew,1,4
Stewart15_1A_negative_skew,2,3
Stewart15_1A_negative_skew,3,4
Stewart15_1A_negative_skew,4,3
Stewart15_1A_negative_skew,5,4
Stewart15_1A_positive_skew,1,4
Stewart15_1A_positive_skew,2,4
Stewart15_1A_positive_skew,3,3
Stewart15_1A_positive_skew,4,4
Stewart15_1A_positive_skew,5,4
Stewart15_1C_positive_skew,1,12
Stewart15_1C_positive_skew,2,11
Stewart15_1C_positive_skew,3,12
Stewart15_1C_positive_skew,4,11
Stewart15_1C_positive_skew,5,12
Stewart15_2A_negative_skew,1,4
Stewart15_2A_negative_skew,2,3
Stewart15_2A_negative_skew,3,4
Stewart15_2A_negative_skew,4,3
Stewart15_2A_negative_skew,5,4
Stewart15_2A_positive_skew,1,4
Stewart15_2A_positive_skew,2,3
Stewart15_2A_positive_skew,3,3
Stewart15_2A_positive_skew,4,3
Stewart15_2A_positive_skew,5,4
Stewart15_2B_negative_skew,1,4
Stewart15_2B_negative_skew,2,3
Stewart15_2B_negative_skew,3,3
Stewart15_2B_negative_skew,4,3
Stewart15_2B_negative_skew,5,3
Stewart15_2B_positive_skew,1,3
Stewart15_2B_positive_skew,2,3
Stewart15_2B_positive_skew,3,3
Stewart15_2B_positive_skew,4,3
Stewart15_2B_positive_skew,5,3
Stewart16,1,10
Stewart16,2,9
Stewart16,3,10
Stewart16,4,9
Stewart16,5,10
