task_index,crossValidation_id
0,1
1,7
2,2
3,10
4,5
5,4
6,3
7,10
8,5
9,2
10,10
11,8
12,2
13,5
14,7
15,4
16,7
17,6
18,3
19,9
20,5
21,8
22,7
23,6
24,8
25,1
26,8
27,2
28,4
29,9
30,2
31,6
32,8
33,4
34,1
35,4
36,3
37,1
38,4
39,10
40,8
41,9
42,5
43,6
44,6
45,10
46,3
47,9
48,6
49,1
50,3
51,5
52,1
53,7
54,2
55,9
56,10
57,3
58,10
59,10
60,2
61,7
62,2
63,5
64,9
65,6
66,9
67,4
68,6
69,7
70,1
71,2
72,4
73,2
74,4
75,7
76,8
77,8
78,6
79,7
80,6
81,3
82,1
83,10
84,5
85,9
86,3
87,5
88,5
89,10
90,8
91,9
92,3
93,8
94,1
95,2
96,3
97,10
98,1
99,4
100,9
101,7
102,8
103,5
104,4
105,6
106,1
107,2
108,10
109,6
110,6
111,1
112,2
113,5
114,6
115,9
116,4
117,3
118,9
119,6
120,2
121,3
122,7
123,10
124,1
125,1
126,4
127,4
128,2
129,10
130,6
131,7
132,2
133,4
134,5
135,3
136,5
137,8
138,3
139,8
140,1
141,10
142,9
143,3
144,7
145,7
146,8
147,1
148,8
149,9
150,7
151,8
152,5
153,10
154,9
155,4
156,5
157,8
158,9
159,1
160,1
161,6
162,6
163,7
164,8
165,10
166,6
167,8
168,1
169,2
170,9
171,7
172,7
173,1
174,8
175,6
176,7
177,3
178,6
179,2
180,10
181,3
182,9
183,9
184,4
185,7
186,5
187,10
188,4
189,2
190,9
191,8
192,1
193,8
194,3
195,5
196,4
197,5
198,1
199,7
200,2
201,5
202,8
203,3
204,2
205,8
206,6
207,8
208,1
209,9
210,5
211,2
212,6
213,2
214,10
215,9
216,5
217,4
218,9
219,7
220,2
221,3
222,1
223,3
224,4
225,4
226,1
227,3
228,3
229,6
230,9
231,7
232,10
233,4
234,4
235,8
236,6
237,5
238,1
239,2
240,7
241,9
242,10
243,10
244,4
245,5
246,6
247,10
248,7
249,2
250,5
251,1
252,2
253,4
254,3
255,10
256,8
257,5
258,7
259,6
260,3
261,10
262,6
263,7
264,1
265,9
266,1
267,2
268,1
269,5
270,4
271,10
272,6
273,9
274,5
275,4
276,7
277,3
278,1
279,3
280,5
281,8
282,3
283,2
284,8
285,5
286,6
287,9
288,9
289,8
290,6
291,1
292,7
293,2
294,4
295,8
296,7
297,5
298,2
299,8
300,3
301,8
302,7
303,8
304,10
305,5
306,9
307,3
308,4
309,10
310,7
311,2
312,4
313,6
314,4
315,10
316,4
317,2
318,9
319,9
320,6
321,5
322,8
323,6
324,2
325,4
326,1
327,7
328,3
329,3
330,6
331,10
332,10
333,9
334,10
335,6
336,5
337,4
338,9
339,1
340,10
341,2
342,8
343,3
344,1
345,10
346,2
347,2
348,3
349,7
350,1
351,5
352,7
353,6
354,7
355,1
356,9
357,1
358,2
359,1
360,5
361,4
362,10
363,6
364,9
365,5
366,4
367,7
368,3
369,1
370,3
371,5
372,8
373,3
374,2
375,8
376,5
377,6
378,9
379,9
380,8
381,6
382,1
383,7
384,2
385,4
386,8
387,7
388,5
389,2
390,8
391,3
392,8
393,7
394,8
395,10
396,5
397,9
398,3
399,4
400,10
401,7
402,2
403,4
404,6
405,4
406,10
407,4
408,2
409,9
410,9
411,6
412,5
413,8
414,6
415,2
416,4
417,1
418,7
419,3
420,3
421,6
422,10
423,10
424,9
425,10
426,6
427,5
428,4
429,9
430,1
431,10
432,2
433,8
434,3
435,1
436,10
437,2
438,2
439,3
440,7
441,1
442,5
443,7
444,4
445,8
446,5
447,7
448,1
449,1
450,2
451,9
452,1
453,6
454,4
455,7
456,9
457,6
458,1
459,2
460,10
461,8
462,6
463,5
464,1
465,8
466,9
467,8
468,8
469,10
470,9
471,3
472,2
473,3
474,5
475,7
476,5
477,7
478,10
479,3
480,6
481,9
482,3
483,2
484,4
485,8
486,10
487,2
488,2
489,10
490,10
491,5
492,7
493,4
494,5
495,6
496,7
497,6
498,4
499,1
500,4
501,3
502,3
503,9
504,4
505,9
506,5
507,10
508,3
509,9
510,4
511,8
512,5
513,5
514,1
515,2
516,7
517,9
518,10
519,10
520,6
521,3
522,5
523,10
524,6
525,4
526,2
527,4
528,9
529,7
530,9
531,10
532,3
533,1
534,2
535,1
536,7
537,1
538,6
539,4
540,2
541,7
542,7
543,6
544,3
545,9
546,5
547,7
548,4
549,3
550,8
551,5
552,8
553,9
554,6
555,4
556,9
557,4
558,3
559,4
560,9
561,4
562,2
563,8
564,10
565,6
566,5
567,1
568,7
569,5
570,2
571,7
572,1
573,1
574,10
575,9
576,1
577,7
578,7
579,10
580,4
581,2
582,9
583,8
584,6
585,2
586,4
587,8
588,4
589,5
590,10
591,8
592,3
593,8
594,7
595,4
596,10
597,7
598,10
599,9
600,3
601,2
602,9
603,2
604,5
605,6
606,2
607,9
608,6
609,1
610,1
611,2
612,9
613,6
614,3
615,3
616,3
617,5
618,10
619,4
620,8
621,10
622,6
623,7
624,8
625,2
626,8
627,3
628,1
629,5
630,1
631,7
632,10
633,1
634,8
635,6
636,3
637,6
638,3
639,6
640,5
641,1
642,8
643,3
644,6
645,2
646,8
647,5
648,7
649,1
650,5
651,8
652,2
653,10
654,2
655,1
656,7
657,1
658,6
659,4
660,2
661,7
662,7
663,6
664,3
665,9
666,5
667,7
668,4
669,3
670,8
671,5
672,8
673,9
674,6
675,4
676,9
677,4
678,3
679,4
680,9
681,4
682,2
683,8
684,1
685,7
686,7
687,10
688,10
689,6
690,5
691,1
692,7
693,5
694,2
695,7
696,1
697,1
698,10
699,9
700,5
701,10
702,8
703,4
704,2
705,9
706,8
707,6
708,2
709,4
710,8
711,4
712,10
713,9
714,3
715,8
716,7
717,4
718,10
719,7
720,2
721,3
722,2
723,9
724,4
725,9
726,5
727,10
728,3
729,9
730,4
731,8
732,5
733,5
734,3
735,5
736,10
737,4
738,5
739,6
740,2
741,9
742,8
743,10
744,6
745,7
746,6
747,1
748,1
749,2
750,9
751,6
752,3
753,3
754,1
755,8
756,6
757,8
758,2
759,8
760,3
761,6
762,3
763,3
764,1
765,5
766,1
767,7
768,10
769,2
770,8
771,6
772,5
773,5
774,7
775,1
776,8
777,3
778,6
779,2
780,1
781,10
782,5
783,8
784,1
785,2
786,7
787,9
788,10
789,10
790,6
791,3
792,5
793,10
794,6
795,4
796,2
797,4
798,9
799,7
800,9
801,10
802,3
803,1
804,2
805,1
806,7
807,1
808,6
809,4
810,2
811,7
812,7
813,6
814,3
815,9
816,5
817,7
818,4
819,3
820,8
821,5
822,8
823,9
824,6
825,4
826,9
827,4
828,3
829,4
830,9
831,4
832,2
833,8
834,1
835,7
836,7
837,10
838,10
839,6
840,5
841,1
842,7
843,5
844,2
845,7
846,1
847,1
848,10
849,9
850,5
851,10
852,8
853,4
854,2
855,9
856,8
857,6
858,2
859,4
860,8
861,4
862,10
863,9
864,3
865,8
866,7
867,4
868,10
869,7
870,2
871,3
872,2
873,9
874,4
875,9
876,5
877,10
878,3
879,9
880,4
881,8
882,5
883,5
884,3
885,5
886,10
887,4
888,5
889,6
890,2
891,9
892,8
893,10
894,6
895,7
896,6
897,1
898,1
899,2
900,9
901,6
902,3
903,3
904,1
905,8
906,6
907,8
908,2
909,8
910,3
911,6
912,3
913,3
914,1
915,5
916,1
917,7
918,10
919,2
920,8
921,6
922,5
923,5
924,7
925,1
926,8
927,3
928,6
929,2
930,1
931,10
932,5
933,8
934,1
935,2
936,7
937,9
938,10
939,10
940,6
941,3
942,5
943,10
944,6
945,4
946,2
947,4
948,9
949,7
950,9
951,10
952,3
953,1
954,1
955,3
956,5
957,1
958,4
959,8
960,3
961,5
962,4
963,1
964,7
965,6
966,9
967,6
968,9
969,9
970,3
971,8
972,10
973,2
974,3
975,1
976,5
977,8
978,2
979,7
980,7
981,3
982,2
983,6
984,8
985,10
986,6
987,4
988,3
989,10
990,10
991,6
992,4
993,8
994,7
995,9
996,6
997,5
998,4
999,9
1000,3
1001,5
1002,1
1003,10
1004,9
1005,10
1006,2
1007,6
1008,7
1009,7
1010,10
1011,4
1012,5
1013,8
1014,1
1015,6
1016,8
1017,8
1018,2
1019,9
1020,4
1021,10
1022,2
1023,4
1024,5
1025,1
1026,3
1027,7
1028,3
1029,7
1030,2
1031,3
1032,5
1033,5
1034,2
1035,6
1036,9
1037,4
1038,2
1039,2
1040,3
1041,3
1042,1
1043,7
1044,8
1045,10
1046,8
1047,8
1048,4
1049,4
1050,8
1051,10
1052,5
1053,5
1054,9
1055,7
1056,1
1057,10
1058,2
1059,6
1060,1
1061,9
1062,6
1063,7
1064,5
1065,10
1066,7
1067,4
1068,1
1069,6
1070,1
1071,2
1072,9
1073,9
1074,1
1075,3
1076,5
1077,1
1078,4
1079,8
1080,3
1081,5
1082,4
1083,1
1084,7
1085,6
1086,9
1087,6
1088,9
1089,9
1090,3
1091,8
1092,10
1093,2
1094,3
1095,1
1096,5
1097,8
1098,2
1099,7
1100,7
1101,3
1102,2
1103,6
1104,8
1105,10
1106,6
1107,4
1108,3
1109,10
1110,10
1111,6
1112,4
1113,8
1114,7
1115,9
1116,6
1117,5
1118,4
1119,9
1120,3
1121,5
1122,1
1123,10
1124,9
1125,10
1126,2
1127,6
1128,7
1129,7
1130,10
1131,4
1132,5
1133,8
1134,1
1135,6
1136,8
1137,8
1138,2
1139,9
1140,4
1141,10
1142,2
1143,4
1144,5
1145,1
1146,3
1147,7
1148,3
1149,7
1150,2
1151,3
1152,5
1153,5
1154,2
1155,6
1156,9
1157,4
1158,2
1159,2
1160,3
1161,3
1162,1
1163,7
1164,8
1165,10
1166,8
1167,8
1168,4
1169,4
1170,8
1171,10
1172,5
1173,5
1174,9
1175,7
1176,1
1177,10
1178,2
1179,6
1180,1
1181,9
1182,6
1183,7
1184,5
1185,10
1186,7
1187,4
1188,1
1189,6
1190,1
1191,2
1192,9
1193,9
1194,4
1195,5
1196,10
1197,3
1198,9
1199,4
1200,8
1201,5
1202,9
1203,7
1204,9
1205,10
1206,5
1207,1
1208,2
1209,10
1210,3
1211,5
1212,10
1213,6
1214,6
1215,2
1216,4
1217,9
1218,4
1219,9
1220,10
1221,3
1222,7
1223,2
1224,1
1225,7
1226,1
1227,6
1228,3
1229,9
1230,5
1231,7
1232,4
1233,1
1234,6
1235,4
1236,2
1237,7
1238,7
1239,3
1240,5
1241,8
1242,9
1243,8
1244,6
1245,9
1246,4
1247,3
1248,4
1249,4
1250,4
1251,2
1252,8
1253,9
1254,6
1255,5
1256,1
1257,10
1258,5
1259,2
1260,7
1261,7
1262,1
1263,10
1264,9
1265,1
1266,2
1267,4
1268,8
1269,4
1270,5
1271,10
1272,8
1273,3
1274,8
1275,1
1276,7
1277,7
1278,10
1279,4
1280,2
1281,9
1282,8
1283,6
1284,7
1285,10
1286,7
1287,10
1288,4
1289,9
1290,2
1291,9
1292,2
1293,3
1294,5
1295,2
1296,9
1297,6
1298,6
1299,1
1300,2
1301,9
1302,6
1303,1
1304,3
1305,3
1306,5
1307,3
1308,4
1309,8
1310,10
1311,10
1312,7
1313,8
1314,2
1315,6
1316,3
1317,1
1318,5
1319,8
1320,8
1321,3
1322,6
1323,2
1324,8
1325,5
1326,7
1327,1
1328,5
1329,8
1330,2
1331,10
1332,1
1333,7
1334,10
1335,1
1336,8
1337,6
1338,3
1339,6
1340,3
1341,6
1342,5
1343,1
1344,4
1345,9
1346,5
1347,10
1348,3
1349,9
1350,4
1351,8
1352,5
1353,5
1354,1
1355,2
1356,7
1357,9
1358,10
1359,10
1360,6
1361,3
1362,5
1363,10
1364,6
1365,4
1366,2
1367,4
1368,9
1369,7
1370,9
1371,10
1372,3
1373,1
1374,2
1375,1
1376,7
1377,1
1378,6
1379,4
1380,2
1381,7
1382,7
1383,6
1384,3
1385,9
1386,5
1387,7
1388,4
1389,3
1390,8
1391,5
1392,8
1393,9
1394,6
1395,4
1396,9
1397,4
1398,3
1399,4
1400,9
1401,4
1402,2
1403,8
1404,10
1405,6
1406,5
1407,1
1408,7
1409,5
1410,2
1411,7
1412,1
1413,1
1414,10
1415,9
1416,1
1417,7
1418,7
1419,10
1420,4
1421,2
1422,9
1423,8
1424,6
1425,2
1426,4
1427,8
1428,4
1429,5
1430,10
1431,8
1432,3
1433,8
1434,7
1435,4
1436,10
1437,7
1438,10
1439,9
1440,3
1441,2
1442,9
1443,2
1444,5
1445,6
1446,2
1447,9
1448,6
1449,1
1450,1
1451,2
1452,9
1453,6
1454,3
1455,3
1456,3
1457,5
1458,10
1459,4
1460,8
1461,10
1462,6
1463,7
1464,8
1465,2
1466,8
1467,3
1468,1
1469,5
1470,1
1471,7
1472,10
1473,1
1474,8
1475,6
1476,3
1477,6
1478,3
1479,6
1480,5
1481,1
1482,8
1483,3
1484,6
1485,2
1486,8
1487,5
1488,7
1489,1
1490,5
1491,8
1492,2
1493,10
1494,6
1495,10
1496,2
1497,8
1498,6
1499,9
1500,4
1501,2
1502,9
1503,3
1504,9
1505,5
1506,3
1507,7
1508,7
1509,10
1510,3
1511,9
1512,7
1513,6
1514,5
1515,10
1516,6
1517,4
1518,9
1519,3
1520,3
1521,8
1522,6
1523,9
1524,6
1525,4
1526,5
1527,10
1528,4
1529,2
1530,10
1531,1
1532,5
1533,8
1534,8
1535,7
1536,6
1537,2
1538,5
1539,1
1540,4
1541,9
1542,4
1543,1
1544,4
1545,1
1546,3
1547,2
1548,10
1549,2
1550,7
1551,3
1552,8
1553,8
1554,7
1555,7
1556,1
1557,8
1558,2
1559,5
1560,1
1561,1
1562,5
1563,2
1564,10
