rank_mse,mse,rmse,mae,rate_cross_entropy,correlation,naive05_mse,irreducible_se2,completeness05,calibration_intercept,calibration_slope,model,n_problems
1,0.0146017580994694,0.1208377345843153,0.0971466060024524,0.633569387064747,0.8171341928752452,0.0431418022512111,0.0075403773444445,0.8016545468750966,0.0105925180562116,1.0117266278789805,RFDT-P,1766
2,0.01507146825154,0.1227659083440514,0.0979599409344526,0.6344555408197927,0.8102327747693249,0.0431418022512111,0.0075403773444445,0.7884609695590004,0.0129035660347242,1.0062172827381446,RFDT-P kappa=0,1766
3,0.0177863187084275,0.1333653579773533,0.1090674345621557,0.6410152362872523,0.7739064354377835,0.0431418022512111,0.0075403773444445,0.7122041774784242,0.0148680303002392,1.0147391952440958,RFDT-P alpha=1,1766
4,0.0199142796352631,0.1411179635456206,0.1152653185054163,0.645276672128053,0.7442056625373715,0.0431418022512111,0.0075403773444445,0.652432386534431,0.0120596889475156,1.0282461895605883,RFDT-P alpha=0,1766
5,0.0212902408072535,0.1459117569192201,0.1181819285990217,0.6475249990402361,0.7126168298934155,0.0431418022512111,0.0075403773444445,0.6137833387619375,-0.0116144117526864,1.0074551474856632,RFDT-L,1766
6,0.0216471887003517,0.1471298362003838,0.1204907497226042,0.6492176926559682,0.7146706224400341,0.0431418022512111,0.0075403773444445,0.603757113855688,0.0221805794141278,1.0024426031702052,Power-EU logit,1766
7,0.0269775459336627,0.164248427492207,0.1354809618700391,0.6602555479583352,0.6121094976718409,0.0431418022512111,0.0075403773444445,0.4540339708278399,0.0082070496315505,0.9877362389646772,Linear-EU logit,1766
8,0.0431418022512111,0.207706047700136,0.1746935069584537,0.6931471805599454,,0.0431418022512111,0.0075403773444445,0.0,,,Half,1766
9,0.043176420737197,0.2077893662755557,0.1747598189799444,0.6932164221660114,-0.0669318237805687,0.0431418022512111,0.0075403773444445,-0.0009723904612397,5.030885219018431,-8.996273798903134,TrainMean,1766
