cvid,subject_fold,restriction,delta_mse
1,1,No interaction,0.0009801512166128026
1,2,No interaction,0.0016693085199565028
1,3,No interaction,0.002244036537757302
1,4,No interaction,0.0013476633608564964
1,5,No interaction,0.001825943225469702
2,1,No interaction,0.00044059579284549955
2,2,No interaction,0.0018801539908262985
2,3,No interaction,0.0009529229615634002
2,4,No interaction,0.0012389808876069955
2,5,No interaction,0.0015814415237140056
3,1,No interaction,0.0015349493826137955
3,2,No interaction,-0.0017025478393640006
3,3,No interaction,0.0009204292689357005
3,4,No interaction,0.000577791479470395
3,5,No interaction,0.0022911212318001972
4,1,No interaction,-0.0006396893477667032
4,2,No interaction,-7.2911525801099e-05
4,3,No interaction,0.003272615978011803
4,4,No interaction,0.0032706092431195946
4,5,No interaction,0.0021331162180011007
5,1,No interaction,0.0021443351661279003
5,2,No interaction,0.002605248931780803
5,3,No interaction,0.0015279479721344996
5,4,No interaction,0.002518171781080797
5,5,No interaction,0.0030532703235095007
6,1,No interaction,7.902278195379836e-05
6,2,No interaction,0.0015754647942580954
6,3,No interaction,0.002701865239321505
6,4,No interaction,0.001723197887437397
6,5,No interaction,0.0013567983463046995
7,1,No interaction,0.0007432941942220953
7,2,No interaction,-0.00035534375169880145
7,3,No interaction,0.0013410844060902996
7,4,No interaction,-0.0002451305832849998
7,5,No interaction,0.0010014729121210972
8,1,No interaction,0.0007939071795181052
8,2,No interaction,0.0008534894002376961
8,3,No interaction,0.001538953810759601
8,4,No interaction,0.0013191201395959043
8,5,No interaction,0.0012934721167004032
9,1,No interaction,-0.0022004435347018
9,2,No interaction,-0.0012471796364100993
9,3,No interaction,0.002391802454858094
9,4,No interaction,0.00020640269798890415
9,5,No interaction,-0.000674001523371201
10,1,No interaction,0.0016859776498995976
10,2,No interaction,0.0020663214136715027
10,3,No interaction,0.0025866175267222
10,4,No interaction,0.0016728787158021008
10,5,No interaction,0.0027435357254662965
1,1,Adaptive only,-0.0018432753250492984
1,2,Adaptive only,-9.049419602889797e-05
1,3,Adaptive only,0.003597283272789298
1,4,Adaptive only,0.0070097126337595045
1,5,Adaptive only,0.00030535952341510103
2,1,Adaptive only,0.004995472196323403
2,2,Adaptive only,0.005934739362854997
2,3,Adaptive only,-0.0011294945111470014
2,4,Adaptive only,0.004631689330850598
2,5,Adaptive only,0.0025951557448255017
3,1,Adaptive only,0.0026529614001322976
3,2,Adaptive only,0.004122860885891401
3,3,Adaptive only,-0.001211526621439099
3,4,Adaptive only,0.0073424801646617965
3,5,Adaptive only,0.0002931292550108003
4,1,Adaptive only,-0.0014277758635306004
4,2,Adaptive only,0.002071056001047601
4,3,Adaptive only,0.006797398198855199
4,4,Adaptive only,0.008619596279099695
4,5,Adaptive only,0.006756298258155595
5,1,Adaptive only,0.004738681312856201
5,2,Adaptive only,0.0051997532204461
5,3,Adaptive only,0.0059552932024707
5,4,Adaptive only,0.007655710163591796
5,5,Adaptive only,0.007865009064812703
6,1,Adaptive only,0.002626540990623802
6,2,Adaptive only,0.0013760938062444966
6,3,Adaptive only,0.005471770467084705
6,4,Adaptive only,0.005324359476906501
6,5,Adaptive only,0.003496151045908301
7,1,Adaptive only,0.0007638065580276993
7,2,Adaptive only,-0.0013805561845249975
7,3,Adaptive only,-0.0014638541996263993
7,4,Adaptive only,-0.0003884160716614016
7,5,Adaptive only,0.0032508764985378982
8,1,Adaptive only,0.0030108377339577996
8,2,Adaptive only,0.002598389494066697
8,3,Adaptive only,0.0033932812094687043
8,4,Adaptive only,0.005930841093125104
8,5,Adaptive only,0.0027061069481968056
9,1,Adaptive only,-0.0045794446346831
9,2,Adaptive only,-0.00017300839135719892
9,3,Adaptive only,0.003604697465717198
9,4,Adaptive only,0.0047463070671225
9,5,Adaptive only,-0.001828739931133
10,1,Adaptive only,0.0007033325785337011
10,2,Adaptive only,0.0031938394340143006
10,3,Adaptive only,0.0007229397040906943
10,4,Adaptive only,0.004043530569849796
10,5,Adaptive only,0.003118641667442898
1,1,Persistent only,0.0003125662861575007
1,2,Persistent only,0.007590664431023804
1,3,Persistent only,-0.0006534599970244026
1,4,Persistent only,-0.0016174711638951011
1,5,Persistent only,0.0038835192058018983
2,1,Persistent only,-0.001172909203945298
2,2,Persistent only,0.007521889390415003
2,3,Persistent only,0.003449809522972698
2,4,Persistent only,0.0095283872639512
2,5,Persistent only,0.002951618321698303
3,1,Persistent only,2.6113515479493643e-05
3,2,Persistent only,0.004459805116770597
3,3,Persistent only,0.002231615880316902
3,4,Persistent only,0.006139619271847398
3,5,Persistent only,-0.006943726821398599
4,1,Persistent only,-0.0032303423278630047
4,2,Persistent only,0.002253636301814896
4,3,Persistent only,0.004424622450909202
4,4,Persistent only,0.008461218371180697
4,5,Persistent only,0.004419133569553195
5,1,Persistent only,0.0031652203346624053
5,2,Persistent only,0.006289543884012906
5,3,Persistent only,0.003992570825042202
5,4,Persistent only,0.0023881652618163995
5,5,Persistent only,-0.0007887459403055977
6,1,Persistent only,0.008767268497836898
6,2,Persistent only,0.001185459650521102
6,3,Persistent only,0.0015837029448446047
6,4,Persistent only,0.014718464343311893
6,5,Persistent only,0.0048047105228368955
7,1,Persistent only,0.0137573111072634
7,2,Persistent only,0.009625674578234399
7,3,Persistent only,0.007116155182243698
7,4,Persistent only,0.010184842304830494
7,5,Persistent only,0.0046098771194052965
8,1,Persistent only,-0.0030905766245588953
8,2,Persistent only,0.0045924312923282945
8,3,Persistent only,0.003237912757067904
8,4,Persistent only,0.005211009145212504
8,5,Persistent only,0.0011275033598434
9,1,Persistent only,-0.002698714478771895
9,2,Persistent only,0.004302180324998406
9,3,Persistent only,0.0022767468576258
9,4,Persistent only,0.0074028135278685
9,5,Persistent only,0.0025286352186152036
10,1,Persistent only,0.008304790604445701
10,2,Persistent only,0.007439387765686402
10,3,Persistent only,-0.001992657967045501
10,4,Persistent only,0.006624922401221096
10,5,Persistent only,0.007029111975892295
1,1,Linear utility,0.011297182007921201
1,2,Linear utility,0.026818417046246996
1,3,Linear utility,0.0204847388433277
1,4,Linear utility,0.016194007766257693
1,5,Linear utility,0.027505954378903706
2,1,Linear utility,0.019265854771303402
2,2,Linear utility,0.033103081248334006
2,3,Linear utility,0.0339075428898776
2,4,Linear utility,0.0368579111710961
2,5,Linear utility,0.023841407024739004
3,1,Linear utility,0.0199474291138989
3,2,Linear utility,0.024809519372368305
3,3,Linear utility,0.027458416470964496
3,4,Linear utility,0.021397050095990904
3,5,Linear utility,0.015422136406926294
4,1,Linear utility,0.012293902858277396
4,2,Linear utility,0.0244187562172326
4,3,Linear utility,0.0315235768969851
4,4,Linear utility,0.028915711041272094
4,5,Linear utility,0.027562288125721396
5,1,Linear utility,0.023074620043212604
5,2,Linear utility,0.026941134620071798
5,3,Linear utility,0.024825228775861602
5,4,Linear utility,0.0231707304490228
5,5,Linear utility,0.014336841437809902
6,1,Linear utility,0.0290667424781879
6,2,Linear utility,0.026947755588294396
6,3,Linear utility,0.026341621069222595
6,4,Linear utility,0.0372127070541223
6,5,Linear utility,0.030614214561571394
7,1,Linear utility,0.0484841312333745
7,2,Linear utility,0.0447868114999716
7,3,Linear utility,0.0419150284290394
7,4,Linear utility,0.039914910929222294
7,5,Linear utility,0.0241685734756361
8,1,Linear utility,0.021170990064474704
8,2,Linear utility,0.04546191482365079
8,3,Linear utility,0.0441180434270952
8,4,Linear utility,0.03720161432385471
8,5,Linear utility,0.0359801055869984
9,1,Linear utility,0.02196508899712061
9,2,Linear utility,0.036414648462321106
9,3,Linear utility,0.0374455088350352
9,4,Linear utility,0.047082154086794906
9,5,Linear utility,0.0325036217821897
10,1,Linear utility,0.0371229920365342
10,2,Linear utility,0.0441862127050023
10,3,Linear utility,0.03150559436632299
10,4,Linear utility,0.032490620725234905
10,5,Linear utility,0.0412672584637782
