other,fold,delta_mse_other_minus_full,delta_ce_other_minus_full
RFDT-L,1,0.0074642384059377,0.0154049923996211
RFDT-L,2,0.0061058795370776,0.0128122087908613
RFDT-L,3,0.0075306618030867,0.0156909912647525
RFDT-L,4,0.0063297895621149,0.0132414154477944
RFDT-L,5,0.0087868063050907,0.0186556301613743
RFDT-L,6,0.0048765681842829,0.0098824268271349
RFDT-L,7,0.0050626502776509,0.0104928173656211
RFDT-L,8,0.0059697246840661,0.0127274152552799
RFDT-L,9,0.0078642240184472,0.0162653012171393
RFDT-L,10,0.0068888124390016,0.0143718187921386
RFDT-P kappa=0,1,-0.0001247741711204,-0.0004553027784693
RFDT-P kappa=0,2,-0.0001866464919043,-0.0005432094010069
RFDT-P kappa=0,3,0.00089649019035,0.0019425545480019
RFDT-P kappa=0,4,0.0009624958113553,0.0020508910044128
RFDT-P kappa=0,5,0.0005530343257707,0.0006849623770406
RFDT-P kappa=0,6,6.57298314198293e-05,4.67715270542346e-05
RFDT-P kappa=0,7,0.0006978110294079,0.0014346772573693
RFDT-P kappa=0,8,0.0004113891441788,0.0005882432321561
RFDT-P kappa=0,9,0.0007873905528781,0.0017589081311573
RFDT-P kappa=0,10,0.0006378854541457,0.0013620771939523
RFDT-P alpha=0,1,0.0061186706296802,0.0131647953475333
RFDT-P alpha=0,2,0.0018463938851561,0.0043911588790505
RFDT-P alpha=0,3,0.0064058717125352,0.0138215869215392
RFDT-P alpha=0,4,0.0056667019874217,0.0124878979411916
RFDT-P alpha=0,5,0.0078730449814235,0.0175744987375412
RFDT-P alpha=0,6,0.0053017636810461,0.0114655126995282
RFDT-P alpha=0,7,0.0043109886363341,0.0097876543317996
RFDT-P alpha=0,8,0.0059835522118638,0.0134037927244013
RFDT-P alpha=0,9,0.0050129264915601,0.0107575157127136
RFDT-P alpha=0,10,0.004597702745106,0.0102033138142015
RFDT-P alpha=1,1,0.0019211608571433,0.0044298481649447
RFDT-P alpha=1,2,0.0011377435772728,0.0032037080468355
RFDT-P alpha=1,3,0.0030820572675392,0.0070815913760443
RFDT-P alpha=1,4,0.0032745652486681,0.0076451328123159
RFDT-P alpha=1,5,0.0037260343060792,0.0092155006527143
RFDT-P alpha=1,6,0.003464499737332,0.0077187477725444
RFDT-P alpha=1,7,0.0036378195216727,0.0083846673461047
RFDT-P alpha=1,8,0.0059951341066625,0.0137424117530544
RFDT-P alpha=1,9,0.0031738795338922,0.0071329954037896
RFDT-P alpha=1,10,0.0024469238802494,0.0059344602973279
Power-EU logit,1,0.0074841410082742,0.0161304278396109
Power-EU logit,2,0.003303532958056,0.0078352698774143
Power-EU logit,3,0.0081251180079648,0.0179275786626653
Power-EU logit,4,0.0067649166736176,0.0148960213307731
Power-EU logit,5,0.0092532274847065,0.020802438202069
Power-EU logit,6,0.00750373420388,0.0167626592806453
Power-EU logit,7,0.006868129534365,0.0154717151685129
Power-EU logit,8,0.0081416437641043,0.0180699315602974
Power-EU logit,9,0.0072209234735776,0.0155538195163279
Power-EU logit,10,0.0057880179529405,0.0130305549190898
Linear-EU logit,1,0.0126437310182505,0.0267257561347721
Linear-EU logit,2,0.0077115521681768,0.0167885747997804
Linear-EU logit,3,0.0150488321691476,0.0320977731817277
Linear-EU logit,4,0.0121830052529409,0.0264335637423335
Linear-EU logit,5,0.015498297733347,0.0341983577114956
Linear-EU logit,6,0.0127272689103528,0.0271753806627138
Linear-EU logit,7,0.010571055231529,0.0229668924623199
Linear-EU logit,8,0.013126992617646,0.0284740241127431
Linear-EU logit,9,0.01319854308503,0.0281752269046797
Linear-EU logit,10,0.011039748108654,0.02380729535473
