benchmark_rank,rank_mse,model,mean_mse,sem_mse,mean_completeness,mean_logloss
1,1,BEAST-GB,0.0306517543498817,0.0008120573996325,0.9479872967225572,0.5304605869322068
2,2,CPT-Prelec,0.0316126302038335,0.0007686483205091,0.938143075277969,0.5273889422518813
3,3,Dual System-LOB,0.0322638703247567,0.0007491899785708,0.9321659909955248,0.5319972777396523
4,4,Noisy Retrieval,0.0322644613330596,0.0007496691493899,0.93220295248122,0.5319785739664717
5,5,TAX,0.032757671690247,0.0007440668232943,0.927562482111639,0.5302263008463632
6,6,Odds-based SWU,0.0328429370254433,0.0007650011918976,0.9266130286152082,0.5314521789756887
7,7,CPT-LBW,0.0328570520049977,0.0007737014482571,0.9260476489767407,0.5326799773292131
8,8,Salience,0.0328671021649947,0.0007954411044685,0.926457565136634,0.5333765595789497
9,9,CPT-TK,0.0329794835466644,0.0007881928873259,0.9252044545447718,0.5336122643448237
10,10,PT-Edit1,0.0330117248632139,0.0007659233487887,0.9251614886105424,0.5337931626929504
11,11,Disappointment-LS2,0.0330209178319107,0.0008196277200566,0.9258308131355676,0.5319930528542638
12,12,RFDT-P individual-average,0.0331018992051234,0.000901274680746,0.9245887418718652,0.5315623435236162
13,13,SEU,0.0332900908995795,0.0007858953283512,0.9224504902706526,0.5328158382894006
14,14,Distracted DFT,0.0336322769431329,0.0008515392599137,0.919417050400818,0.5397923845851421
15,15,Venture,0.0337947202914329,0.0008874163989281,0.9175258045662568,0.5359559023069262
16,16,PT-Edit2,0.0338091207838976,0.0007671756020713,0.9177881493220404,0.5367462445571168
17,17,Disappointment-DC2,0.0341818106541136,0.0007839669663454,0.914754259179546,0.5382677587916506
18,18,Regret-LS,0.0346150574735367,0.0007845396610442,0.91041014847495,0.5389767197683759
19,19,Aspiration,0.0349964246925885,0.000840338995641,0.9074739515489384,0.5379080577705495
20,20,RAM,0.0359637235705475,0.000734147175412,0.8970110598521235,0.5461327236922142
21,21,EUT,0.0366005598122923,0.0008994845433386,0.892579355287709,0.5460727670144943
22,22,DFT,0.0395167867252686,0.0010666000239637,0.8658826802937191,0.5553610657264398
23,23,Subjective Expected Pleasure,0.0421739942004748,0.00092859213994,0.8398566098843594,0.5551598992200936
24,24,Heuristic Similarity-Leland,0.0427068298655342,0.0012040989992853,0.8350970803236787,0.5581968314980731
25,29,Disappointment-DC1,0.0484331365050002,0.0011362998926234,0.782000047265545,0.5715965599942527
26,30,Disappointment-Bell,0.0492738788884973,0.0011504154104933,0.7742638772600132,0.5768604939498377
27,31,Dual-2,0.0530419578643228,0.0012550941564705,0.7400240710886861,0.5902742444516875
28,32,Mean StdDev,0.0545841116050693,0.0012700906756838,0.724315741492108,0.5827615584665754
29,33,Dual-1,0.0556961533003419,0.0012247055828045,0.7138656669445063,0.588134834375386
30,34,Dual System-M,0.060370135333371,0.0012637705729601,0.6645892520827633,0.5833677113245381
31,35,Regret-Bell,0.061384944230994,0.0014465397888266,0.6604167384489062,0.5954650289457388
32,36,Mean Alpha-target,0.0619102259089206,0.0013647840845627,0.6545552282379061,0.5867208220373086
33,37,Disappointment-LS1,0.062475887175093,0.0014623002861198,0.6504001468363849,0.5967787728597606
34,38,Heuristic RELM,0.0630888544563143,0.0012842004241776,0.6419432321582402,0.5878141409624825
35,39,Variance Skewness,0.0637263749254283,0.0013985686391318,0.6378832773598212,0.6214388400122285
36,40,Mean Below-target,0.0655325818307687,0.0013908655788921,0.6202421958445006,0.5963926830108737
37,41,Mean Target Semivariance,0.0656100450628006,0.0013973721069111,0.6195458581812592,0.5959885937434299
38,42,EV,0.0679297844106225,0.0014036086244055,0.5975760483351817,0.604625335038578
39,43,SEM,0.0692670186011006,0.0014132874637782,0.5845656753399581,0.6051126926982249
40,44,Mean Variance,0.0693320756749268,0.0015761128952978,0.5818833937628716,0.6065550270839158
41,45,CoefVar,0.0694536663484876,0.0013557300801308,0.5837359701382954,0.6995663094784096
42,47,Below-mean Semivariance,0.0735420432498275,0.0017095979273157,0.5391903933864394,0.6224852004059482
43,48,UWS,0.0803060705566175,0.0017899611569762,0.4733082254613711,0.6528889854681017
44,49,Heuristic LEPE,0.0836134832447932,0.0015390455925568,0.4478448145583906,0.6494695903396113
45,50,Heuristic ML,0.0911641590165277,0.0015951447734723,0.3803747761413189,0.6501313958081338
46,51,BEASTpred,0.0918709293481084,0.001763926875893,0.3616111672170591,0.8580050688218188
47,52,Heuristic Priority,0.0969822998814047,0.0015579094310421,0.3214900032332899,0.6547236370300306
48,53,Heuristic MPW,0.0971228213917206,0.0018524535792865,0.3229621755566198,0.6533280398770371
49,54,Certainty Equivalence,0.0992924263685625,0.0017107888635465,0.3025993116800509,0.6439306267380993
50,55,Heuristic LL,0.1093264628379818,0.0016173516586737,0.2040908015646823,0.6741365644137537
51,56,Heuristic BTA,0.1233524960877626,0.0015938508464837,0.0757137781718849,0.6811622476899807
52,57,Heuristic Minimax,0.1237803341706268,0.0012244318007347,0.066757567600619,0.6782030997305261
53,58,Heuristic CC,0.1295069545338936,0.0014205739853358,0.0163228815891031,0.6837227387573784
54,59,Baseline,0.1313707319060235,0.0015434925931428,0.0,0.6931471805599452
55,60,Heuristic Minimax Regret,0.1326471302738128,0.0015936664176857,-0.0124393332441774,0.6920022143685749
56,61,Heuristic EP,0.1326471302735053,0.0015936664177902,-0.0124393333312755,0.6920022143703942
57,62,Heuristic LPE,0.134363879975146,0.0015983153622265,-0.02835758279898,0.6961963505027583
